-- Generated using IA

INSERT INTO category (id, name) VALUES (1, 'Injectables');
INSERT INTO category (id, name) VALUES (2, 'Peels');
INSERT INTO category (id, name) VALUES (3, 'Fat Dissolving ');
INSERT INTO category (id, name) VALUES (4, 'Sclerotherapy');
INSERT INTO category (id, name) VALUES (5, 'Threads');
INSERT INTO category (id, name) VALUES (6, 'Weightloss');
INSERT INTO category (id, name) VALUES (7, 'IV Therapy');
INSERT INTO category (id, name) VALUES (8, 'Vitamin Injections');
INSERT INTO category (id, name) VALUES (9, 'Peptide Therapy');
INSERT INTO category (id, name) VALUES (10, 'Ultrasound');
INSERT INTO category (id, name) VALUES (11, 'Facials');
INSERT INTO category (id, name) VALUES (12, 'Other Non Medical');
INSERT INTO category (id, name) VALUES (13, 'Consultation');
INSERT INTO category (id, name) VALUES (14, 'Follow up');
INSERT INTO category (id, name) VALUES (15, 'Other');
INSERT INTO service (id, name, description, category_id) VALUES (1, 'Neuromodulator', 'Neuromodulator description', 1);
INSERT INTO service (id, name, description, category_id) VALUES (2, 'HA Dermal Filler', 'HA Dermal Filler description', 1);
INSERT INTO service (id, name, description, category_id) VALUES (3, 'Calcium Hydroxyapatite', 'Calcium Hydroxyapatite description', 1);
INSERT INTO service (id, name, description, category_id) VALUES (4, 'Hyaluronidase', 'Hyaluronidase description', 1);
INSERT INTO service (id, name, description, category_id) VALUES (5, 'Polymethyl methacrylate (PMMA)', 'Polymethyl methacrylate (PMMA) description', 1);
INSERT INTO service (id, name, description, category_id) VALUES (6, 'Poly-L Lactic Acid', 'Poly-L Lactic Acid description', 1);
INSERT INTO service (id, name, description, category_id) VALUES (7, 'Chemical Peel', 'Chemical Peel description', 2);
INSERT INTO service (id, name, description, category_id) VALUES (8, 'Deoxycholic Acid', 'Deoxycholic Acid description', 3);
INSERT INTO service (id, name, description, category_id) VALUES (9, 'Sclerotherapy', 'Sclerotherapy description', 4);
INSERT INTO service (id, name, description, category_id) VALUES (10, 'PDO Threads', 'PDO Threads description', 5);
INSERT INTO service (id, name, description, category_id) VALUES (11, 'GLP-1 Antagonists', 'GLP-1 Antagonists description', 6);
INSERT INTO service (id, name, description, category_id) VALUES (12, 'IV Therapy', 'IV Therapy description', 7);
INSERT INTO service (id, name, description, category_id) VALUES (13, 'Vitamin Injections', 'Vitamin Injections description', 8);
INSERT INTO service (id, name, description, category_id) VALUES (14, 'Peptide Therapy', 'Peptide Therapy description', 9);
INSERT INTO service (id, name, description, category_id) VALUES (15, 'Ultrasound', 'Ultrasound description', 10);
INSERT INTO service (id, name, description, category_id) VALUES (16, 'Hydrafacial', 'Hydrafacial description', 11);
INSERT INTO service (id, name, description, category_id) VALUES (17, 'SilkPeel', 'SilkPeel description', 11);
INSERT INTO service (id, name, description, category_id) VALUES (18, 'Diamond Glow', 'Diamond Glow description', 11);
INSERT INTO service (id, name, description, category_id) VALUES (19, 'Other facial', 'Other facial description', 11);
INSERT INTO service (id, name, description, category_id) VALUES (20, 'Massage', 'Massage description', 12);
INSERT INTO service (id, name, description, category_id) VALUES (21, 'Microblading', 'Microblading description', 12);
INSERT INTO service (id, name, description, category_id) VALUES (22, 'Microdermabrasion', 'Microdermabrasion description', 12);
INSERT INTO service (id, name, description, category_id) VALUES (23, 'Dermaplaning', 'Dermaplaning description', 12);
INSERT INTO service (id, name, description, category_id) VALUES (24, 'Teeth Whitening', 'Teeth Whitening description', 12);
INSERT INTO service (id, name, description, category_id) VALUES (25, 'Waxing', 'Waxing description', 12);
INSERT INTO service (id, name, description, category_id) VALUES (26, 'Other Non Medical Service', 'Other Non Medical Service description', 12);
INSERT INTO service (id, name, description, category_id) VALUES (27, 'Consultation', 'Consultation description', 13);
INSERT INTO service (id, name, description, category_id) VALUES (28, 'Follow up', 'Follow up description', 14);
INSERT INTO service (id, name, description, category_id) VALUES (29, 'Other', 'Other description', 15);
INSERT INTO product (id, name, markup, supplier, service_id) VALUES (1, 'Botox', 1.2, 'Allergan', 1);
INSERT INTO product (id, name, markup, supplier, service_id) VALUES (2, 'Daxxify', 1.43, 'Revance', 1);
INSERT INTO product (id, name, markup, supplier, service_id) VALUES (3, 'Dysport', 1.2, 'Galderma', 1);
INSERT INTO product (id, name, markup, supplier, service_id) VALUES (4, 'Jeuveau', 1.04, 'Evolus', 1);
INSERT INTO product (id, name, markup, supplier, service_id) VALUES (5, 'Xeomin', 1.44, 'Merz', 1);
INSERT INTO product (id, name, markup, supplier, service_id) VALUES (6, 'Juvederm Ultra XC', 1.25, 'Allergan', 2);
INSERT INTO product (id, name, markup, supplier, service_id) VALUES (7, 'Juvederm Ultra Plus XC', 1.05, 'Allergan', 2);
INSERT INTO product (id, name, markup, supplier, service_id) VALUES (8, 'Juvederm Volbella', 1.39, 'Allergan', 2);
INSERT INTO product (id, name, markup, supplier, service_id) VALUES (9, 'Juvederm Vollure', 1.09, 'Allergan', 2);
INSERT INTO product (id, name, markup, supplier, service_id) VALUES (10, 'Juvederm Voluma', 1.37, 'Allergan', 2);
INSERT INTO product (id, name, markup, supplier, service_id) VALUES (11, 'Juvederm Volux', 1.12, 'Allergan', 2);
INSERT INTO product (id, name, markup, supplier, service_id) VALUES (12, 'Juvederm Skinvive', 1.42, 'Allergan', 2);
INSERT INTO product (id, name, markup, supplier, service_id) VALUES (13, 'Restylane', 1.37, 'Galderma', 2);
INSERT INTO product (id, name, markup, supplier, service_id) VALUES (14, 'Restylane-L', 1.17, 'Galderma', 2);
INSERT INTO product (id, name, markup, supplier, service_id) VALUES (15, 'Restylane Contour', 1.16, 'Galderma', 2);
INSERT INTO product (id, name, markup, supplier, service_id) VALUES (16, 'Restylane Defyne', 1.27, 'Galderma', 2);
INSERT INTO product (id, name, markup, supplier, service_id) VALUES (17, 'Restylane Eyelight', 1.31, 'Galderma', 2);
INSERT INTO product (id, name, markup, supplier, service_id) VALUES (18, 'Restylane Kysse', 1.49, 'Galderma', 2);
INSERT INTO product (id, name, markup, supplier, service_id) VALUES (19, 'Restylane Lyft', 1.37, 'Galderma', 2);
INSERT INTO product (id, name, markup, supplier, service_id) VALUES (20, 'Restylane Silk', 1.25, 'Galderma', 2);
INSERT INTO product (id, name, markup, supplier, service_id) VALUES (21, 'Restylane Refyne', 1.42, 'Galderma', 2);
INSERT INTO product (id, name, markup, supplier, service_id) VALUES (22, 'RHA 2', 1.06, 'Revance', 2);
INSERT INTO product (id, name, markup, supplier, service_id) VALUES (23, 'RHA 3', 1.23, 'Revance', 2);
INSERT INTO product (id, name, markup, supplier, service_id) VALUES (24, 'RHA 4', 1.06, 'Revance', 2);
INSERT INTO product (id, name, markup, supplier, service_id) VALUES (25, 'RHA Redensity', 1.14, 'Revance', 2);
INSERT INTO product (id, name, markup, supplier, service_id) VALUES (26, 'Revanesse Lips', 1.03, 'Prollenium', 2);
INSERT INTO product (id, name, markup, supplier, service_id) VALUES (27, 'Revanesse Versa', 1.14, 'Prollenium', 2);
INSERT INTO product (id, name, markup, supplier, service_id) VALUES (28, 'Belotero Balance', 1.4, 'Merz', 2);
INSERT INTO product (id, name, markup, supplier, service_id) VALUES (29, 'Radiesse', 1.25, 'Merz', 3);
INSERT INTO product (id, name, markup, supplier, service_id) VALUES (30, 'Hyperdilute Radiesse', 1.1, 'Merz', 3);
INSERT INTO product (id, name, markup, supplier, service_id) VALUES (31, 'Hylanex', 1.2, NULL, 4);
INSERT INTO product (id, name, markup, supplier, service_id) VALUES (32, 'Bellafill', 1.4, 'Suneva', 5);
INSERT INTO product (id, name, markup, supplier, service_id) VALUES (33, 'Sculptra', 1.47, 'Galderma', 6);
INSERT INTO product (id, name, markup, supplier, service_id) VALUES (34, 'PRX', 1.15, 'WiQo', 7);
INSERT INTO product (id, name, markup, supplier, service_id) VALUES (35, 'VI Peel: Classic Precision Plus', 1.09, 'VI', 7);
INSERT INTO product (id, name, markup, supplier, service_id) VALUES (36, 'SkinMedica: Illuminze', 1.11, 'Allergan', 7);
INSERT INTO product (id, name, markup, supplier, service_id) VALUES (37, 'SkinMedica: Rejuvenize', 1.16, 'Allergan', 7);
INSERT INTO product (id, name, markup, supplier, service_id) VALUES (38, 'SkinMedica: Vitalize', 1.3, 'Allergan', 7);
INSERT INTO product (id, name, markup, supplier, service_id) VALUES (39, 'ZO Skin Health: 3 step peel', 1.28, 'Zo Skin Health', 7);
INSERT INTO product (id, name, markup, supplier, service_id) VALUES (40, 'Perfect DermaPeel', 1.39, 'Bella Medical Products', 7);
INSERT INTO product (id, name, markup, supplier, service_id) VALUES (41, 'TCA', 1.29, NULL, 7);
INSERT INTO product (id, name, markup, supplier, service_id) VALUES (42, 'Other Chemical Peel Product', 1.39, NULL, 7);
INSERT INTO product (id, name, markup, supplier, service_id) VALUES (43, 'Kybella', 1.03, NULL, 8);
INSERT INTO product (id, name, markup, supplier, service_id) VALUES (44, 'Asclera', 1.45, 'Asclera', 9);
INSERT INTO product (id, name, markup, supplier, service_id) VALUES (45, 'Smooth PDO Threads', 1.24, 'Mint', 10);
INSERT INTO product (id, name, markup, supplier, service_id) VALUES (46, 'Smooth PDO Threads', 1.05, 'Miracu', 10);
INSERT INTO product (id, name, markup, supplier, service_id) VALUES (47, 'Smooth PDO Threads', 1.26, 'PDO Max', 10);
INSERT INTO product (id, name, markup, supplier, service_id) VALUES (48, 'Smooth PDO Threads', 1.34, 'V Soft Lift', 10);
INSERT INTO product (id, name, markup, supplier, service_id) VALUES (49, 'Smooth PDO Threads', 1.01, 'Viola Threads', 10);
INSERT INTO product (id, name, markup, supplier, service_id) VALUES (50, 'Smooth PDO Threads', 1.42, 'NovaThreads', 10);
INSERT INTO product (id, name, markup, supplier, service_id) VALUES (51, 'Smooth PDO Threads', 1.07, 'EuroThreads', 10);
INSERT INTO product (id, name, markup, supplier, service_id) VALUES (52, 'Smooth PDO Threads', 1.39, 'Other', 10);
INSERT INTO product (id, name, markup, supplier, service_id) VALUES (53, 'Lifting PDO Threads', 1.09, 'Mint', 10);
INSERT INTO product (id, name, markup, supplier, service_id) VALUES (54, 'Lifting PDO Threads', 1.49, 'Miracu', 10);
INSERT INTO product (id, name, markup, supplier, service_id) VALUES (55, 'Lifting PDO Threads', 1.1, 'PDO Max', 10);
INSERT INTO product (id, name, markup, supplier, service_id) VALUES (56, 'Lifting PDO Threads', 1.39, 'V Soft Lift', 10);
INSERT INTO product (id, name, markup, supplier, service_id) VALUES (57, 'Lifting PDO Threads', 1.03, 'Viola Threads', 10);
INSERT INTO product (id, name, markup, supplier, service_id) VALUES (58, 'Lifting PDO Threads', 1.24, 'NovaThreads', 10);
INSERT INTO product (id, name, markup, supplier, service_id) VALUES (59, 'Lifting PDO Threads', 1.26, 'EuroThreads', 10);
INSERT INTO product (id, name, markup, supplier, service_id) VALUES (60, 'Lifting PDO Threads', 1.43, 'Other', 10);
INSERT INTO product (id, name, markup, supplier, service_id) VALUES (61, 'Barbed/Cones PDO Threads', 1.02, 'Mint', 10);
INSERT INTO product (id, name, markup, supplier, service_id) VALUES (62, 'Barbed/Cones PDO Threads', 1.42, 'Miracu', 10);
INSERT INTO product (id, name, markup, supplier, service_id) VALUES (63, 'Barbed/Cones PDO Threads', 1.17, 'PDO Max', 10);
INSERT INTO product (id, name, markup, supplier, service_id) VALUES (64, 'Barbed/Cones PDO Threads', 1.34, 'V Soft Lift', 10);
INSERT INTO product (id, name, markup, supplier, service_id) VALUES (65, 'Barbed/Cones PDO Threads', 1.31, 'Viola Threads', 10);
INSERT INTO product (id, name, markup, supplier, service_id) VALUES (66, 'Barbed/Cones PDO Threads', 1.15, 'NovaThreads', 10);
INSERT INTO product (id, name, markup, supplier, service_id) VALUES (67, 'Barbed/Cones PDO Threads', 1.31, 'EuroThreads', 10);
INSERT INTO product (id, name, markup, supplier, service_id) VALUES (68, 'Barbed/Cones PDO Threads', 1.24, 'Other', 10);
INSERT INTO product (id, name, markup, supplier, service_id) VALUES (69, 'Trizepatide', 1.27, NULL, 11);
INSERT INTO product (id, name, markup, supplier, service_id) VALUES (70, 'Phentermine', 1.19, NULL, 11);
INSERT INTO product (id, name, markup, supplier, service_id) VALUES (71, 'Liraglutide', 1.07, NULL, 11);
INSERT INTO product (id, name, markup, supplier, service_id) VALUES (72, 'Semaglutide', 1.2, NULL, 11);
INSERT INTO product (id, name, markup, supplier, service_id) VALUES (73, 'B Vitamins', 1.27, NULL, 12);
INSERT INTO product (id, name, markup, supplier, service_id) VALUES (74, 'Vitamin C', 1.11, NULL, 12);
INSERT INTO product (id, name, markup, supplier, service_id) VALUES (75, 'Arginine', 1.05, NULL, 12);
INSERT INTO product (id, name, markup, supplier, service_id) VALUES (76, 'Ornithine', 1.0, NULL, 12);
INSERT INTO product (id, name, markup, supplier, service_id) VALUES (77, 'Lysine', 1.22, NULL, 12);
INSERT INTO product (id, name, markup, supplier, service_id) VALUES (78, 'Carnitine', 1.36, NULL, 12);
INSERT INTO product (id, name, markup, supplier, service_id) VALUES (79, 'Ascorbic Acid', 1.33, NULL, 12);
INSERT INTO product (id, name, markup, supplier, service_id) VALUES (80, 'Biotin', 1.03, NULL, 12);
INSERT INTO product (id, name, markup, supplier, service_id) VALUES (81, 'Manganese', 1.22, NULL, 12);
INSERT INTO product (id, name, markup, supplier, service_id) VALUES (82, 'Copper', 1.12, NULL, 12);
INSERT INTO product (id, name, markup, supplier, service_id) VALUES (83, 'Magnesium Chloride', 1.18, NULL, 12);
INSERT INTO product (id, name, markup, supplier, service_id) VALUES (84, 'Calcium Chloride', 1.41, NULL, 12);
INSERT INTO product (id, name, markup, supplier, service_id) VALUES (85, 'NAD', 1.03, NULL, 12);
INSERT INTO product (id, name, markup, supplier, service_id) VALUES (86, 'Zinc', 1.44, NULL, 12);
INSERT INTO product (id, name, markup, supplier, service_id) VALUES (87, 'Glutathione', 1.41, NULL, 12);
INSERT INTO product (id, name, markup, supplier, service_id) VALUES (88, 'B-12', 1.44, NULL, 13);
INSERT INTO product (id, name, markup, supplier, service_id) VALUES (89, 'MIC', 1.28, NULL, 13);
INSERT INTO product (id, name, markup, supplier, service_id) VALUES (90, 'Glutathione', 1.2, NULL, 13);
INSERT INTO product (id, name, markup, supplier, service_id) VALUES (91, 'Ipamorelin', 1.22, NULL, 14);
INSERT INTO product (id, name, markup, supplier, service_id) VALUES (92, 'CJC', 1.33, NULL, 14);
INSERT INTO product (id, name, markup, supplier, service_id) VALUES (93, 'BPC 157', 1.23, NULL, 14);
